{"cameraMode":{"drawMode":0,"name":"Shaded","section":"Shading Mode"},"sceneLighting":false,"audioPlay":false,"sceneViewState":{"m_AlwaysRefresh":true,"showFog":true,"showSkybox":false,"showFlares":true,"showImageEffects":true,"showParticleSystems":true,"showVisualEffectGraphs":true,"m_FxEnabled":true},"in2DMode":false,"pivot":{"x":-0.3336608409881592,"y":-0.6095483899116516,"z":-3.0706381797790529},"rotation":{"x":-0.12338738888502121,"y":0.42204752564430239,"z":-0.05810300633311272,"w":-0.8962575793266296},"size":2.138795852661133,"orthographic":false}